Name,Password,Title,Department,Phone Number,Street,City,State,ZIP,Country,Group
Daisy Palmer,peaches,CEO,Ownership,647.512.7567,Suite 836 65625 Arnell Hill,West Clevelandport,New Mexico,47296,US,Management
Stephanie Silva,marina,Vice President,Ownership,241.273.3066,Suite 836 65625 Arnell Hill,West Clevelandport,New Mexico,47296,US,Management
Pamela Miller,cristian,Director,Management,228.719.7659,Suite 836 65625 Arnell Hill,West Clevelandport,New Mexico,47296,US,Management
Gethin Raymond,232323,Director,Management,896.894.0415,Suite 836 65625 Arnell Hill,West Clevelandport,New Mexico,47296,US,Management
Barney Sullivan,louise,Administrator,Management,411.429.6183,Suite 836 65625 Arnell Hill,West Clevelandport,New Mexico,47296,US,Management
Milo Gay,50cent,Security Officer,Security,392.343.4459,Suite 836 65625 Arnell Hill,West Clevelandport,New Mexico,47296,US,Security
Brenda Hanson,colombia,Manager,DevOps,323.431.2737,Suite 836 65625 Arnell Hill,West Clevelandport,New Mexico,47296,US,DevOps
Miles Hall,kelsey,Manager,R&D,869.525.6261,Suite 836 65625 Arnell Hill,West Clevelandport,New Mexico,47296,US,R&D
Junior Knowles,jordan23,Manager,Engineering,341.225.9161,Suite 836 65625 Arnell Hill,West Clevelandport,New Mexico,47296,US,Engineering
Raihan Rhodes,samsung,Coordinator,Marketing,937.217.5360,Suite 836 65625 Arnell Hill,West Clevelandport,New Mexico,47296,US,Marketing
Samuel Garcia,myspace1,Architect,DevOps,298.373.5081,Suite 836 65625 Arnell Hill,West Clevelandport,New Mexico,47296,US,DevOps
Gilbert Schneider,jasper,Architect,DevOps,895.216.1376,Suite 836 65625 Arnell Hill,West Clevelandport,New Mexico,47296,US,DevOps
Donna Gallagher,joshua,Architect,Engineering,817.960.2757,Suite 836 65625 Arnell Hill,West Clevelandport,New Mexico,47296,US,Engineering
Brooke Kerr,tequiero,Engineer,Engineering,701.882.2952,Suite 836 65625 Arnell Hill,West Clevelandport,New Mexico,47296,US,Engineering
Keenan Frye,raymond,Engineer,Engineering,923.690.8402,Suite 836 65625 Arnell Hill,West Clevelandport,New Mexico,47296,US,Engineering
Leonie Morrison,diana,Engineer,Engineering,547.236.5725,Suite 836 65625 Arnell Hill,West Clevelandport,New Mexico,47296,US,Engineering
Cassie Hobbs,999999,Engineer,Engineering,825.627.9586,Suite 836 65625 Arnell Hill,West Clevelandport,New Mexico,47296,US,Engineering
Bruno Floyd,sweet,Engineer,Engineering,200.310.9400,Suite 836 65625 Arnell Hill,West Clevelandport,New Mexico,47296,US,Engineering
Nadia Riggs,gabriela,Engineer,Engineering,711.992.9312,Suite 836 65625 Arnell Hill,West Clevelandport,New Mexico,47296,US,Engineering
Valerie Schaefer,victor,Specialist,Engineering,261.464.9521,Suite 836 65625 Arnell Hill,West Clevelandport,New Mexico,47296,US,Engineering
Nelson Bernard,arsenal,Specialist,DevOps,696.769.0576,Suite 836 65625 Arnell Hill,West Clevelandport,New Mexico,47296,US,DevOps
Jasper Mosley,christina,Designer,Marketing,822.570.1205,Suite 836 65625 Arnell Hill,West Clevelandport,New Mexico,47296,US,Marketing
Oskar Chandler,batman,Designer,Marketing,512.477.4353,Suite 836 65625 Arnell Hill,West Clevelandport,New Mexico,47296,US,Marketing
Alisa Medina,paola,Analyst,Marketing,488.481.0000,Suite 836 65625 Arnell Hill,West Clevelandport,New Mexico,47296,US,Marketing
Ieuan Harrington,denise,Analyst,R&D,578.725.9351,Suite 836 65625 Arnell Hill,West Clevelandport,New Mexico,47296,US,R&D
Ezekiel Andersen,victoria,Analyst,R&D,723.767.6175,Suite 836 65625 Arnell Hill,West Clevelandport,New Mexico,47296,US,R&D
Alec Roy,celtic,Planner,Marketing,652.826.8002,Suite 836 65625 Arnell Hill,West Clevelandport,New Mexico,47296,US,Marketing
Freya George,alyssa,Intern,Engineering,701.287.0635,Suite 836 65625 Arnell Hill,West Clevelandport,New Mexico,47296,US,Interns
Abdullahi Murray,charlotte,Intern,Engineering,697.226.5341,Suite 836 65625 Arnell Hill,West Clevelandport,New Mexico,47296,US,Interns
Saarah Sherman,flower,Intern,Engineering,895.790.9647,Suite 836 65625 Arnell Hill,West Clevelandport,New Mexico,47296,US,Interns